Date,Open,High,Low,Close,Volume,Market Cap
19-Dec-2022,251.24,252.93,238.65,240.66,751196285,38497257994
18-Dec-2022,242.52,253.34,240.04,251.16,925487110,40176732868
17-Dec-2022,231.22,243.58,221,242.53,1196953526,38796722023
16-Dec-2022,258.27,264.25,227.35,231.23,1264053277,36989640968
15-Dec-2022,268.15,268.15,257.08,258.27,709349174,41315420629
14-Dec-2022,271.96,277.86,266.15,268.23,1026628081,42908400755
13-Dec-2022,276.28,280.69,257.44,271.95,1925504273,43503575941
12-Dec-2022,284.43,285.54,273.53,276.28,974762447,44195717778
11-Dec-2022,288.14,290.94,284.19,284.39,496833486,45493467669
10-Dec-2022,286.11,289.49,286.11,288.13,439735200,46090966906
9-Dec-2022,290.52,291.57,285.58,286.09,644239750,45765515255
8-Dec-2022,284.3,291.51,282.81,290.54,646645162,46476916921
7-Dec-2022,290.38,290.49,282.02,284.28,759320494,45476734072
6-Dec-2022,288.46,290.6,287.11,290.35,610280514,46447810674
5-Dec-2022,292.21,296.91,286.54,288.47,705616866,46147098395
4-Dec-2022,290.55,292.34,288.5,292.29,633441009,46757282793
3-Dec-2022,293.5,294.04,289.7,290.56,634607105,46481371529
2-Dec-2022,292.03,293.53,286.14,293.53,854253818,46955638515
1-Dec-2022,300.75,301.48,290.55,292.02,1433086340,46713966636
30-Nov-2022,295.55,304.65,294.38,300.79,1009620336,48118283430
29-Nov-2022,293.49,304.82,289.76,295.5,986451640,47271122271
28-Nov-2022,307.4,309.1,289.49,293.53,1154829072,46955899032
27-Nov-2022,311.37,316.22,307.16,307.43,793779029,49179890751
26-Nov-2022,300.57,316.96,300.39,311.39,1221554861,49813311436
25-Nov-2022,300.33,304.16,294.91,300.58,949045515,48083958346
24-Nov-2022,297.95,303.06,294.53,300.43,1219177799,48060047574
23-Nov-2022,266.42,300.02,265.03,297.85,1920236928,47647318082
22-Nov-2022,254.02,266.89,252.39,266.32,800429058,42604562673
21-Nov-2022,264.24,264.74,250.66,254.17,1094850661,40659978959
20-Nov-2022,272.43,273.65,262.56,264.24,720361905,42270466526
19-Nov-2022,273.89,274.26,269.65,272.4,551451228,43576320416
18-Nov-2022,267.91,274.51,267.91,273.92,685307608,43819908780
17-Nov-2022,272.09,273.22,264.4,267.91,854777255,42858741189
16-Nov-2022,276.86,279.79,269.65,272.08,908816092,43525943306
15-Nov-2022,278.63,281.88,274.09,276.87,1116291060,44292678773
14-Nov-2022,276.62,290.72,268.23,278.58,1541330420,44565408018
13-Nov-2022,282.37,286.08,274.05,276.58,956106804,44245687908
12-Nov-2022,289.86,290.37,272.05,282.34,1189401392,45167505778
11-Nov-2022,303.99,304.91,280.63,289.82,1625174426,46364088779
10-Nov-2022,266.89,311.07,264.47,304.08,2461275687,48645327658
9-Nov-2022,327.82,332.06,261.73,266.85,3191459132,42690010298
8-Nov-2022,336.99,388.72,302.75,327.69,5390603525,52422579607
7-Nov-2022,338.9,344.04,327.68,337.01,1811518274,53914349553
6-Nov-2022,349.29,354.49,339.19,339.39,1143505730,54294354064
5-Nov-2022,354.42,360.31,347.02,349.25,1231594445,55872507022
4-Nov-2022,329.67,358.18,328.74,354.41,1938879952,56696907534
3-Nov-2022,320.17,338.64,318.5,329.72,1514834239,52747289289
2-Nov-2022,324.47,329.04,316.28,320.15,1411029750,51216971698
1-Nov-2022,326.28,334.21,317.94,324.58,1329110451,51925582975
31-Oct-2022,313.67,336.8,307.63,326.36,2168405759,52210645189
30-Oct-2022,304.23,318.07,302.53,313.75,1451550019,50194052761
29-Oct-2022,298,307.91,295.95,304.22,1397370727,48668443564
28-Oct-2022,286.84,300.72,286.14,298.01,1072756219,47676042557
27-Oct-2022,290.39,293.07,285.23,286.84,874526054,45889133084
26-Oct-2022,284.36,291.7,284.16,290.38,1017326051,46454401105
25-Oct-2022,273.95,289.6,272.37,284.43,940035659,45503479951
24-Oct-2022,276,276.88,271.88,273.98,535946814,43830941989
23-Oct-2022,270.48,276.57,269.1,276.01,483765500,44155896393
22-Oct-2022,270.03,271.01,268.57,270.48,391459296,43271477490
21-Oct-2022,269.24,271.05,264.52,270.04,593811687,43200999361
20-Oct-2022,271.95,273.29,267.86,269.27,539795617,43352990987
19-Oct-2022,273.22,273.65,270.68,271.98,497761035,43789393911
18-Oct-2022,275.53,275.82,270.53,273.21,599934776,44079687878
17-Oct-2022,272.5,275.84,270.43,275.51,594844795,44450444229
16-Oct-2022,268.41,273.74,268.36,272.52,563344666,43967624739
15-Oct-2022,269.56,271.36,267.88,268.4,491674298,43303579986
14-Oct-2022,271.85,276.53,268.34,269.57,809144930,43491230300
13-Oct-2022,270.96,273.49,257.97,271.85,1124480167,43859763700
12-Oct-2022,271.41,272.74,269.66,270.97,546926291,43717719231
11-Oct-2022,271.73,273.66,268.45,271.37,584301468,43782320108
10-Oct-2022,278.24,279.06,271.81,271.81,655201928,43852446092
9-Oct-2022,276.45,279.28,275.46,278.24,570350814,44890165690
8-Oct-2022,282.99,282.99,276.05,276.47,604706997,44604842765
7-Oct-2022,286.77,286.96,280.19,283.18,952606066,45687917102
6-Oct-2022,294.16,297.7,279.8,286.63,1010110227,46244769578
5-Oct-2022,296.29,296.33,289.9,294.14,656837388,47455366376
4-Oct-2022,287.02,297.99,286.53,296.3,794566055,47803983107
3-Oct-2022,284.41,288.63,283.9,287.03,700566674,46308955784
2-Oct-2022,282.9,287.38,279.95,284.43,556343468,45889655979
1-Oct-2022,284.27,285.19,278.36,282.87,593375648,45637780787
30-Sep-2022,283.83,289.54,280.89,284.19,905481572,45850807479
29-Sep-2022,281.77,285.23,277.5,283.79,800888080,45785742688
28-Sep-2022,272.33,283.34,266.98,281.78,857467325,45461808208
27-Sep-2022,275.93,286.07,270.82,272.4,927431127,43948518789
26-Sep-2022,274.14,276.45,271.19,275.93,716989161,44517443602
25-Sep-2022,275.1,279.2,271.67,274.06,640533920,44216290549
24-Sep-2022,276.63,284.63,275.14,275.14,818302597,44389589747
23-Sep-2022,275.49,277.38,269.67,276.63,869618433,44630120018
22-Sep-2022,264.61,275.91,264.03,275.5,843345381,44448461252
21-Sep-2022,266.39,275.83,261.28,264.79,1057177278,42720828475
20-Sep-2022,272.13,273.2,265.69,266.37,845702947,42975342723
19-Sep-2022,266.25,272.62,257.19,272.07,1074224923,43894998284
18-Sep-2022,279.22,279.62,264.74,266.31,789437105,42966238265
17-Sep-2022,274.73,279.53,274.73,279.25,560951664,45053322423
16-Sep-2022,270.81,276.26,269.13,274.65,803452434,44312018098
15-Sep-2022,279.38,280.25,268.01,270.81,1080164338,43691241396
14-Sep-2022,277.41,282.15,274.83,279.39,956413768,45075350228
13-Sep-2022,293.65,297.69,275.97,277.58,1136956066,44783501316
12-Sep-2022,295.17,299.18,291.15,293.66,998624528,47378094637
11-Sep-2022,296.92,297.88,291.3,295.16,700835025,47620609272
10-Sep-2022,293.4,298.44,291.25,296.97,851195253,47912171545
9-Sep-2022,280.54,294.96,280.22,293.41,1139680146,47337502118
8-Sep-2022,278.76,282.06,276.05,280.58,870477242,45267601400
7-Sep-2022,262.61,279.76,259.99,278.76,963734560,44974585825
6-Sep-2022,276.75,285.75,262.6,262.67,1173656468,42378199797
5-Sep-2022,278.85,280.61,273.72,276.69,665273781,44639749526
4-Sep-2022,277.78,279.81,275.45,278.84,512014471,44987580579
3-Sep-2022,277.43,278.43,274.78,277.78,490102253,44815551874
2-Sep-2022,278.39,282.91,274.49,277.42,807053745,44757554223
1-Sep-2022,279.25,280.22,271.47,278.42,954919263,44919072542
31-Aug-2022,281.46,289.77,278.08,279.24,952486877,45051509129
30-Aug-2022,286.22,291.66,277.07,281.43,979620743,45404396097
29-Aug-2022,276.28,286.33,272.81,286.22,1009161525,46178176758
28-Aug-2022,277.8,283.63,276.25,276.25,758285305,44569560737
27-Aug-2022,279.57,283.85,274.54,277.8,962669292,44819743903
26-Aug-2022,301.56,301.56,277.85,279.6,1210077085,45109604572
25-Aug-2022,296.49,306.14,296.2,301.58,973529233,48656681716
24-Aug-2022,299.02,299.96,294.71,296.45,935405757,47828378769
23-Aug-2022,300.57,301.2,294.32,299.03,1034959891,48244669167
22-Aug-2022,302.03,303.82,289.31,300.56,1463703478,48491385289
21-Aug-2022,283.64,303.66,283.64,302.06,1249205607,48732933148
20-Aug-2022,279.62,288.91,278.33,283.69,1315367730,45770274443
19-Aug-2022,298.15,298.19,278.58,279.72,1598319492,45129050401
18-Aug-2022,306.8,310.19,297.03,298.14,1041814513,48101290423
17-Aug-2022,316.4,323.24,305.33,306.64,1111784114,49471881412
16-Aug-2022,319.71,322.16,312.81,316.42,963072351,51050928255
15-Aug-2022,318.03,326.83,314.86,319.89,1141553086,51609739346
14-Aug-2022,323.97,330.81,316.66,317.99,936178150,51303090208
13-Aug-2022,327.57,332.52,323.48,323.87,991712327,52252321198
12-Aug-2022,323.77,327.51,318.27,327.51,980643843,52840320751
11-Aug-2022,328.46,334.1,322.31,323.8,1511577808,52241044211
10-Aug-2022,324.86,336.28,314.41,328.47,1738218767,52994635916
9-Aug-2022,324.84,327.83,313.5,324.91,1139003043,52420465015
8-Aug-2022,322.95,332.88,322.54,324.8,1318773332,52402408716
7-Aug-2022,315.12,325.17,309.02,322.92,1012978419,52099211446
6-Aug-2022,315.2,321.84,313.73,315.07,1151509385,50832352962
5-Aug-2022,310.69,320.96,308.61,315.19,1585061398,50851172981
4-Aug-2022,298.37,312.75,297.43,310.71,1926587001,50128462927
3-Aug-2022,283.87,305.19,278.81,298.36,2133584480,48136066763
2-Aug-2022,283.48,290.54,274.82,283.82,1768344106,45790901617
1-Aug-2022,283.63,290.08,278.34,283.54,1314157614,45745482573
31-Jul-2022,287.58,296.21,282.61,283.58,1313531523,45751935453
30-Jul-2022,293.92,299.72,285.41,287.54,1578905327,46390292373
29-Jul-2022,277.31,301.21,275.3,293.95,2562325488,47425624150
28-Jul-2022,271.52,280.13,264.74,277.29,1648592412,44737841992
27-Jul-2022,249.02,271.5,247.8,271.5,1405510237,43803772187
26-Jul-2022,245.12,248.96,240.11,248.96,926779355,40166261134
25-Jul-2022,261.84,262.44,245.15,245.15,1005244476,39551586360
24-Jul-2022,259.47,265.89,257.43,261.86,913146574,42248561528
23-Jul-2022,262.72,271.61,253.22,259.46,1108172504,41861049913
22-Jul-2022,265.48,271.15,261.61,262.88,1173778496,42411928806
21-Jul-2022,258.34,265.91,251.55,265.46,1220055525,42828999087
20-Jul-2022,268.77,271.79,257,258.34,1675018362,41679672950
19-Jul-2022,264.49,274.24,256.7,268.82,1925805446,43370248285
18-Jul-2022,247.83,264.89,247.82,264.89,1632324536,43249792276
17-Jul-2022,249.64,255.3,246.95,247.85,1050861669,40467949154
16-Jul-2022,238.56,250.76,234.12,249.59,1030985968,40752933390
15-Jul-2022,238.23,241.83,235.68,238.57,1151260376,38953638621
14-Jul-2022,230.51,239.66,227.58,238.16,1609361574,38886774290
13-Jul-2022,220.49,230.54,216.82,230.52,1431776142,37639386788
12-Jul-2022,225.87,228.19,220.46,220.46,1140033692,35996786605
11-Jul-2022,234.6,234.65,225.5,225.86,1021066311,36877493643
10-Jul-2022,243.25,243.33,232.1,234.66,881096013,38313853886
9-Jul-2022,240.76,244.69,240.67,243.24,851653424,39715666654
8-Jul-2022,241.54,246.68,237.14,240.75,1341618380,39309048935
7-Jul-2022,238.5,243.3,235.44,241.54,1108137930,39438657384
6-Jul-2022,230.91,239.49,229.3,238.5,1266715664,38941548230
5-Jul-2022,231.48,235.76,223.23,230.85,1310031377,37691894305
4-Jul-2022,218.98,231.77,215.21,231.57,1039372640,37810723921
3-Jul-2022,218.05,219.79,214.46,218.98,724525676,35754443111
2-Jul-2022,216.23,219.42,214.21,218.04,767361243,35600131897
1-Jul-2022,219.53,226.38,213.67,216.02,1234215934,35270351269
30-Jun-2022,219.39,219.89,205.93,219.3,1088852065,35806656572
29-Jun-2022,226.9,229.43,215.95,219.28,1062609997,35804105858
28-Jun-2022,233.57,241.42,226.15,226.93,1082126615,37052010145
27-Jun-2022,233.83,240.62,230.51,233.65,841135242,38150322788
26-Jun-2022,239.61,244.67,233.63,233.86,823875890,38183748928
25-Jun-2022,240.26,241.5,230.45,239.69,915553554,39135965106
24-Jun-2022,228.92,242.82,228.63,240.24,1127877901,39225384797
23-Jun-2022,214.23,229.77,214.23,228.95,1148541185,37382875642
22-Jun-2022,219.67,220.53,211.59,214.26,1050984086,34984037889
21-Jun-2022,216.9,227.64,213.55,219.5,1165714518,35839071092
20-Jun-2022,214.88,218.08,205.17,216.93,1235838900,35420370613
19-Jun-2022,196.96,216.08,190.12,214.92,1333254615,35091574388
18-Jun-2022,215.82,218.55,184.54,197.04,1579731402,32172584769
17-Jun-2022,209.71,221.64,208.1,215.89,1108538874,35250160630
16-Jun-2022,233.47,236.33,208.07,209.54,1483212957,34212852053
15-Jun-2022,223.19,234.02,199.29,233.4,2244407305,38108309619
14-Jun-2022,222.55,230.37,205.39,223.22,2027226914,36446891127
13-Jun-2022,255.67,256.85,214.61,222.51,2471570710,36330072071
12-Jun-2022,269.66,271.38,251.99,255.95,1380200465,41790885363
11-Jun-2022,286.11,290.37,265.63,269.49,1220361307,44001019654
10-Jun-2022,289.89,297.23,283.48,286.05,1362797648,46704839626
9-Jun-2022,288.62,292.98,286.48,289.92,800984464,47337201877
8-Jun-2022,290.3,294.04,284.37,288.62,1136631692,47124362846
7-Jun-2022,295.37,295.37,274.43,290.34,1752763456,47406019787
6-Jun-2022,298.98,311.7,289.43,295.4,1470941103,48231368639
5-Jun-2022,301.6,301.94,295.43,298.93,779603321,48809157476
4-Jun-2022,298.5,302.64,295.28,301.63,805954970,49249419808
3-Jun-2022,308.19,309.86,293.86,298.4,1115211127,48721504699
2-Jun-2022,300.47,309.04,298.67,308.1,1228180850,50305926892
1-Jun-2022,320.47,323.89,297.97,300.5,1763624947,49065391381
31-May-2022,321.72,323.7,314.28,320.49,1711532960,52327838988
30-May-2022,305.94,323.26,304.34,321.75,2064357375,52534837419
29-May-2022,307.75,307.94,299.31,305.98,1208835000,49958681902
28-May-2022,302.44,309.21,297.72,307.82,1471633413,50259172863
27-May-2022,304.79,308.86,292.14,300.97,2593113824,49141803580
26-May-2022,325.76,330.89,298.79,304.96,2686414043,49793586182
25-May-2022,328.2,336.67,324.55,325.73,2008481372,53184993616
24-May-2022,316.85,329.82,313.55,328.19,2002782969,53585763496
23-May-2022,319.52,336.31,316.35,316.76,2228144099,51719705364
22-May-2022,312.49,322.86,311.83,319.61,1604297406,52184792531
21-May-2022,302.37,313.66,300.13,312.47,1318736979,51018508605
20-May-2022,306.78,315.27,294.76,302.36,1756670714,49368297712
19-May-2022,287.45,307.96,287.21,306.79,1646882950,50091997950
18-May-2022,305.99,307.71,287.44,287.44,1520090732,46932136434
17-May-2022,297.7,310.19,296.96,305.96,1584497815,49956785094
16-May-2022,312.08,312.14,290.46,297.71,1754184298,48609208955
15-May-2022,297.4,312.18,286.64,312.01,1611088257,50943678221
14-May-2022,290.62,298.8,272.65,297.39,1884570404,48556546861
13-May-2022,269.14,312.69,265.71,290.58,2774121165,47445706445
12-May-2022,269.89,283.48,216.36,269.41,4739990237,43988002573
11-May-2022,319.12,322.77,262.62,269.96,3870618668,44078705120
10-May-2022,298.82,332.44,290.59,319.33,3210603809,52138741397
9-May-2022,355.38,358.95,299.35,299.35,2943374129,48876789614
8-May-2022,365.73,366.51,351.14,355.4,1875845651,58028429299
7-May-2022,379.29,380.39,361.2,365.68,1527960119,59707794715
6-May-2022,378.76,382.68,371.97,379.3,1834770716,61931654721
5-May-2022,402.47,412.4,372.55,378.77,2389487319,61845010684
4-May-2022,383.48,402.86,383.43,402.5,1714496792,65719415309
3-May-2022,389.63,391.75,380.35,383.48,1295877765,62612768113
2-May-2022,390.26,392.22,382.77,389.67,1388077917,63624245328
1-May-2022,377.77,391.08,377.29,390.28,1553846706,63724060207
30-Apr-2022,393,399.59,377.77,377.77,1467605770,61680787861
29-Apr-2022,406.64,410.18,390.54,393.06,1928209754,64177999275
28-Apr-2022,391.44,408.23,388.88,406.72,2116381172,66407717794
27-Apr-2022,385.56,394.46,384.08,391.45,1512587369,63914091442
26-Apr-2022,404.27,407.08,382.08,385.48,1671963898,62940507764
25-Apr-2022,399.13,404.87,383.19,404.35,1910707893,66021090788
24-Apr-2022,401.53,405.43,398.35,399.11,1222468479,65164719261
23-Apr-2022,406.99,407.9,399.28,401.65,1354484386,65580599125
22-Apr-2022,404.97,413.28,404.11,406.99,1895749713,66451690521
21-Apr-2022,418.32,425.47,402.08,405.02,2190281843,66130679968
20-Apr-2022,422.36,430.98,415.73,418.35,2035166767,68307615205
19-Apr-2022,417.01,424.27,415.1,422.39,1854452731,68966079720
18-Apr-2022,407.43,417.95,397.15,416.97,1925668122,68848474348
17-Apr-2022,417.41,417.88,406.17,407.38,1088306780,67264889167
16-Apr-2022,417.29,418.66,411.91,417.48,1022481382,68932688179
15-Apr-2022,414.67,419.8,413.27,417.29,1242920077,68902190654
14-Apr-2022,423.07,426.81,412.05,414.66,1615484732,68467932859
13-Apr-2022,413.81,424.34,411.06,423.13,1932053164,69865882647
12-Apr-2022,394.29,416.64,393.17,413.87,2140526232,68337523387
11-Apr-2022,418.66,419.49,392.11,394.09,2192782724,65070349746
10-Apr-2022,427.15,429.36,418.59,418.59,1410282903,69116334131
9-Apr-2022,421.67,428.02,420.27,427.15,1399108286,70530128696
8-Apr-2022,436.93,440.64,419.43,421.68,1951923760,69625982492
7-Apr-2022,420.18,438.29,417.6,436.8,2125042415,72122470078
6-Apr-2022,445,445.03,418.88,420.15,2323241738,69373208035
5-Apr-2022,447.63,459.81,445.04,445.17,2268650039,73505457939
4-Apr-2022,450.26,450.43,434.18,447.52,2248856403,73893866574
3-Apr-2022,436.87,455.23,432.82,450.35,2128734028,74360146489
2-Apr-2022,446.84,453.56,436.78,436.96,2272901729,72148650722
1-Apr-2022,429.12,446.8,414.75,446.6,2718206274,73741849989
31-Mar-2022,442.66,451.96,424.95,428.92,2632534284,70821236650
30-Mar-2022,434.43,448.95,427.69,442.68,2181737151,73094686974
29-Mar-2022,430.07,441.51,430.07,434.51,1987696098,71744167467
28-Mar-2022,430.55,440.73,428.57,430.39,2128699500,71064748023
27-Mar-2022,415.93,431.03,412.38,430.5,1499505093,71083302849
26-Mar-2022,410.82,416.32,407.98,415.92,1082240527,68675332555
25-Mar-2022,414.15,421.15,406.3,410.81,1678265707,67831809808
24-Mar-2022,408.55,416.51,406.01,414.13,1831451218,68379307292
23-Mar-2022,404.33,411.03,398.86,408.61,1645651129,67468320449
22-Mar-2022,396.36,409.64,395.58,404.31,1795119554,66759172804
21-Mar-2022,390.74,398.96,386.56,396.45,1657341491,65460178435
20-Mar-2022,399.92,400.61,386.77,390.77,1334193471,64522408664
19-Mar-2022,397.56,406,395.41,399.85,1532550954,66022524778
18-Mar-2022,391.78,399.92,384.25,397.65,1666543771,65657938330
17-Mar-2022,385.46,392.87,382.16,391.82,1635657390,64696833098
16-Mar-2022,371.54,386.36,368.48,385.53,1788844135,63657170377
15-Mar-2022,373.47,374.33,362.68,371.63,1360640456,61362152715
14-Mar-2022,361.83,373.61,360.3,373.47,1455465550,61665521276
13-Mar-2022,372.61,376.93,361.15,361.85,1242011950,59747472766
12-Mar-2022,372.19,379.2,372.13,372.73,1211417865,61544034492
11-Mar-2022,372.2,379.57,365.61,372.18,1550840418,61453823267
10-Mar-2022,393.48,394.4,364.09,372.16,2105808203,61449692684
9-Mar-2022,382.04,402.03,381.84,393.56,2425559108,64982649307
8-Mar-2022,381.25,387.63,377.71,381.96,1684540144,63067760640
7-Mar-2022,375.07,384.42,364.43,381.34,2058321705,62966388746
6-Mar-2022,384.91,387.16,373.02,375.01,1305295273,61920633563
5-Mar-2022,374.44,386.84,368.18,384.87,1321262776,63549043023
4-Mar-2022,402.58,402.92,372.87,374.28,1740563403,61800046682
3-Mar-2022,409.03,412.8,397.91,402.55,1598018507,66467864024
2-Mar-2022,408.52,414.91,404.53,409,2045870796,67532807578
1-Mar-2022,395.62,418.49,391.33,408.48,2885318336,67447273336
28-Feb-2022,360.38,396.46,356.62,395.61,1868349380,65322240557
27-Feb-2022,373.6,380.96,359.63,360.53,1600855952,59529719165
26-Feb-2022,374.89,385.21,371.48,373.64,1319208551,61694020170
25-Feb-2022,361.22,376.8,357.37,374.91,1839035023,61904739647
24-Feb-2022,366.35,368.17,324.48,361.23,2972951900,59645892983
23-Feb-2022,374.3,383.25,366.54,366.54,1644707704,60521812716
22-Feb-2022,356.73,374.86,350.15,374.31,2037210077,61804434179
21-Feb-2022,380.74,393.62,356.18,356.66,2164511484,58890751692
20-Feb-2022,400,400.13,376.01,380.83,1431745519,62880741279
19-Feb-2022,399.52,406.38,393.93,400.04,1192395484,66053898767
18-Feb-2022,402.65,410.94,393.82,399.57,1554511893,65975568167
17-Feb-2022,427.55,431.02,400.81,402.45,1644013199,66451246799
16-Feb-2022,432.49,433.43,423.08,427.92,1670788158,70656455985
15-Feb-2022,403.66,436.25,403.09,432.41,2538883559,71398038456
14-Feb-2022,398.64,403.93,391.38,403.66,1269083662,66651161136
13-Feb-2022,403.27,406.71,395.66,398.89,1151509777,65862892979
12-Feb-2022,400.5,407.14,394.8,403.39,1372516416,66606405568
11-Feb-2022,415.19,419.29,393.98,400.42,1714654174,66116449646
10-Feb-2022,422.51,434.17,411.25,415.12,2037888603,68543142480
9-Feb-2022,408.52,427.39,407.95,422.47,1601745132,69756144860
8-Feb-2022,433.46,444.29,407.16,408.78,2247004672,67495894818
7-Feb-2022,419.67,438.64,414.25,433.23,1755674427,71533416664
6-Feb-2022,414.22,421.11,408.61,419.55,1427593921,69274003461
5-Feb-2022,399.15,430.35,396.93,414.2,2039010962,68391365210
4-Feb-2022,370.71,399.22,369.82,399.03,1711084752,65886476170
3-Feb-2022,367.37,370.88,360.49,370.88,1202744039,61238131890
2-Feb-2022,385.49,386.11,366.9,367.47,1290849744,60675734271
1-Feb-2022,375.1,387.77,374.33,385.46,1392647608,63646536971
31-Jan-2022,377.65,384.98,366.11,375.28,1386778184,61964576590
30-Jan-2022,389.2,389.25,373.04,377.61,1289330238,62350221471
29-Jan-2022,386.07,396.77,381.68,389.13,1330610935,64252345527
28-Jan-2022,390,393.38,376.75,386.08,1592850476,63749004175
27-Jan-2022,375.54,391.8,360.33,390.09,1952844398,64410112333
26-Jan-2022,384.59,400.15,367.58,375.76,2226973227,62043525509
25-Jan-2022,371.39,387.18,358.08,384.62,2325661159,63507103572
24-Jan-2022,384.04,384.04,337.85,371.37,3210871602,61319239193
23-Jan-2022,358.33,388.59,357.17,383.93,2786834863,63393933785
22-Jan-2022,383.47,388.91,340.05,358.1,4226932408,59127680060
21-Jan-2022,440.07,444.18,376.77,383.07,3647221590,63251925838
20-Jan-2022,462.86,478.35,439.98,440.01,1881741995,72652270854
19-Jan-2022,471.92,472.77,454.76,462.82,1780063381,76419685290
18-Jan-2022,475.74,479.66,458.15,472.01,2106859289,77935945161
17-Jan-2022,498.51,498.94,468.58,475.71,2134608006,79348951880
16-Jan-2022,494.92,505.3,489.5,498.43,1771927950,83138350006
15-Jan-2022,489.92,501.31,486.31,494.99,1766015929,82564578043
14-Jan-2022,475.13,491.66,468.94,489.87,3112235914,81710448741
13-Jan-2022,487.04,488.21,467.88,475.03,4151007744,79235401456
12-Jan-2022,463.56,489.33,457.12,487.01,4131335431,81233396504
11-Jan-2022,424.89,467.28,422,463.52,4600615710,77315387871
10-Jan-2022,438.79,445.04,408.7,424.93,4156063326,70879440367
9-Jan-2022,430.25,444.49,428.24,438.8,3347862691,73192856244
8-Jan-2022,447.86,458.48,419.2,430.25,4068139021,71765554064
7-Jan-2022,473,474.3,439.26,447.79,4613172287,74691631587
6-Jan-2022,475.08,481.06,460.25,473.28,4400228627,78942916084
5-Jan-2022,507.6,515.24,462.06,475.06,2870757788,79240041765
4-Jan-2022,512.13,519.7,503.22,507.51,2200879165,84652601973
3-Jan-2022,531.39,532.1,510.65,512.14,1949153130,85424866707
2-Jan-2022,527.29,533.37,518.75,531.4,1462276185,88637570485
1-Jan-2022,511.91,527.35,511.9,527.35,1622547014,87963039449
31-Dec-2021,519.12,527.7,507.89,511.71,2020489898,85353536222
30-Dec-2021,514.57,527.57,509,518.91,1950603827,86554742526
29-Dec-2021,534.85,540.62,511.75,514,2159325741,85735918898
28-Dec-2021,563.59,563.59,530.06,534.93,2791585162,89226607256
27-Dec-2021,546.51,571.55,543.51,562.64,2180356553,93849249478
26-Dec-2021,547.32,549.41,537.46,546.99,1576727325,91239389442
25-Dec-2021,542.47,550.87,540.55,547.33,1305388019,91294641313
24-Dec-2021,549,554.13,538.23,541.9,1677259160,90389882921
23-Dec-2021,533.72,552.53,524.78,548.73,1867124970,91528095407
22-Dec-2021,528.77,544.65,527.64,533.64,1597323976,89012591912
21-Dec-2021,523.39,535.11,517.76,528.71,1461697111,88189598447
20-Dec-2021,529.73,534.78,506.37,523.16,1467380399,87264103150
19-Dec-2021,534.02,543.75,527.77,529.97,1199582659,88399940790
18-Dec-2021,526.17,537.82,517.32,533.89,1294574825,89053694756
17-Dec-2021,526.15,535.43,511.7,525.71,1804795681,87688418217
16-Dec-2021,541.4,545.15,525.12,526.25,1500825557,87778523353
15-Dec-2021,528.43,546.58,503.04,541.03,2079796859,90243922553
14-Dec-2021,520.63,536.3,510.42,511.23,2232411089,85273644407
13-Dec-2021,571.18,572.88,512,521.01,1900967743,86905337453
12-Dec-2021,564.14,574.19,559.52,570.82,1307635490,95214089647
11-Dec-2021,553.67,572.19,542.57,564.32,1824951693,94129640886
10-Dec-2021,570.98,594.6,551.74,552.97,2089946472,92235504807
9-Dec-2021,606.64,616.65,568.04,571.65,2132955304,95351710277
8-Dec-2021,579.18,607.78,567.62,607.59,2245501623,1.01347E+11
7-Dec-2021,589.11,593.8,573.34,579.69,2112954675,96692935325
6-Dec-2021,557.95,593.38,534.26,589.26,3567503629,98288607021
5-Dec-2021,568.65,581.81,543.64,557.78,2394235567,93038857104
4-Dec-2021,596.15,596.15,495.13,569.08,4458419873,94922740404
3-Dec-2021,620.3,628.32,579.85,594.64,2483348354,99185970165
2-Dec-2021,627.57,629.88,606.65,619.47,2378758113,1.03328E+11
1-Dec-2021,621.81,650.25,619.2,627.97,2806563703,1.04746E+11
30-Nov-2021,623.96,635.13,604.87,622.67,2781531694,1.03862E+11
29-Nov-2021,611.76,628.5,602.44,624.31,2425803182,1.04136E+11
28-Nov-2021,601.01,612.74,574.55,611.37,2731676788,1.01977E+11
27-Nov-2021,587.1,621.39,584.79,600.34,2485529516,1.00137E+11
26-Nov-2021,639,657.51,566.53,585.15,4254504824,97603244497
25-Nov-2021,590.36,646.96,587.86,603.73,2537227998,1.00703E+11
24-Nov-2021,591.2,594.83,577.51,581.4,2917418688,96977406579
23-Nov-2021,559.57,605.09,559.04,591.44,2927434189,98652799496
22-Nov-2021,584.82,585.15,554.27,559.13,2251971535,93263023437
21-Nov-2021,604.41,605.18,580.59,585.29,2055539646,97627756571
20-Nov-2021,581.48,604.88,574.02,603.84,2336197759,1.00721E+11
19-Nov-2021,531.51,585.9,525.24,581.53,2481119529,97000012441
18-Nov-2021,578.03,587.91,518.42,532.24,2917116815,88777841988
17-Nov-2021,589.33,593.11,554.32,578.09,2704847734,96426540285
16-Nov-2021,634.95,635.26,574.18,589.82,3772957260,98383134422
15-Nov-2021,650.94,660.04,631.94,633.05,2146877925,1.05593E+11
14-Nov-2021,650.06,659.99,634.55,650.92,2101401990,1.08574E+11
13-Nov-2021,627.08,655.32,620.59,650.1,2106170805,1.08438E+11
12-Nov-2021,629.14,634.52,604.16,626.64,2209163398,1.04525E+11
11-Nov-2021,615.46,634.84,606.41,629.89,2341652507,1.05067E+11
10-Nov-2021,635.04,662.31,578.07,615.28,3653998344,1.02629E+11
9-Nov-2021,654,657.04,632.33,635.19,2198989754,1.05951E+11
8-Nov-2021,650.47,655.71,632.69,654.32,2828112534,1.0914E+11
7-Nov-2021,638.19,669.35,632.08,650.45,3017167868,1.08496E+11
6-Nov-2021,608.26,636.11,596.76,636.11,2779927044,1.06105E+11
5-Nov-2021,559.39,615.58,555.06,608.65,3675930507,1.01523E+11
4-Nov-2021,568.58,569.12,544.88,559.74,2260479871,93364822674
3-Nov-2021,554.56,570.26,538.53,568.58,2567651316,94839595201
2-Nov-2021,551.75,564.02,538.4,554.45,2401108112,92482499526
1-Nov-2021,524.74,552.07,512.18,551.26,2535579529,91950123403
31-Oct-2021,528.55,534.77,510.57,524.36,2076289915,87464591883
30-Oct-2021,529.82,539.94,511.93,527.92,2194893915,88057857876
29-Oct-2021,492.43,533.48,488.87,529.62,2667451365,88341575257
28-Oct-2021,448.89,494.91,447.62,492.02,2626956133,82068758214
27-Oct-2021,478.12,486.17,440.45,449.01,2340091135,74895051000
26-Oct-2021,484.71,489.77,475.29,478.03,1486193826,79735125437
25-Oct-2021,475.92,488.89,474.87,484.65,1337787876,80839354325
24-Oct-2021,485.99,486.8,468.2,476.63,1246191889,79502953197
23-Oct-2021,478.94,485.91,473.11,485.91,1170864603,81049752405
22-Oct-2021,470.96,498.01,470.96,478.64,1962748496,79838228572
21-Oct-2021,501.35,504.65,467.42,471.26,3081793454,78606195340
20-Oct-2021,488.05,505.27,482.25,501.02,1890415594,83570766547
19-Oct-2021,485.1,497.26,481.97,488.15,1844483840,81423791416
18-Oct-2021,470.91,487.5,467.58,485.11,1999805026,80917073472
17-Oct-2021,465.72,472.3,455.41,470.63,1646437501,79129584115
16-Oct-2021,473.99,483.56,463.51,465.64,1904086807,78291740271
15-Oct-2021,472.6,476.76,453.9,473.7,2804538828,79646957974
14-Oct-2021,470.54,482.64,461.86,472.02,2486819344,79364447301
13-Oct-2021,444.41,471.66,434.45,470.75,5149146903,79150456720
12-Oct-2021,413.49,443.87,392.57,443.87,3142304145,74630567195
11-Oct-2021,404.53,423.55,401.22,413.46,1473121389,69517303385
10-Oct-2021,421.8,422.05,402.83,405.07,1437068558,68107150217
9-Oct-2021,418.76,425.97,416.82,421.55,1404867667,70878080193
8-Oct-2021,438.48,441.51,416.71,419.1,2678048368,70466575273
7-Oct-2021,434.96,449.94,424.31,438.76,1962989705,73772100893
6-Oct-2021,442.41,442.48,415.67,435.4,2006344571,73207096124
5-Oct-2021,426.21,443.91,424.11,442.71,1526827785,74435300873
4-Oct-2021,430.58,430.73,411.95,425.75,1647171955,71584155969
3-Oct-2021,427.35,437.1,421.94,430.51,1470899248,72384475442
2-Oct-2021,421.48,438.11,411.04,428.1,1740937420,71979183952
1-Oct-2021,387.64,423.34,382.13,421.64,2162493378,70893833854
30-Sep-2021,367.79,388.27,366.64,387.06,1796235646,65078675600
29-Sep-2021,333.4,375.01,331.45,367.99,2385693434,61872678075
28-Sep-2021,335.81,344.28,330.07,333.03,1294330921,55995113612
27-Sep-2021,344.65,357.29,335.79,336.19,1507056912,56526197213
26-Sep-2021,349.88,352.7,320.37,344.18,1958526741,57869701517
25-Sep-2021,355.41,360.63,344.19,349.88,1388464569,58827802628
24-Sep-2021,383.81,385.32,335.51,355.32,2081157733,59741824473
23-Sep-2021,379.16,384.78,369.65,383.82,1576382603,64534425211
22-Sep-2021,343.67,380.01,342.68,379.44,1678913732,63797974297
21-Sep-2021,364.05,375.67,339.01,344.53,2045164899,57929028275
20-Sep-2021,408.51,409.64,357.27,361.97,2344102082,60859875927
19-Sep-2021,410.6,419.18,403.72,408.47,1243314915,68679211878
18-Sep-2021,406.46,420,401.78,410.81,1310349981,69072258020
17-Sep-2021,424.4,425.77,401.84,406.63,1516642578,68370034174
16-Sep-2021,431.29,433.19,416.18,424.65,1720989872,71399263250
15-Sep-2021,414.49,436.42,410.45,431.42,1838828414,72538191093
14-Sep-2021,399.21,414.32,396.42,414.24,1598465255,69648451200
13-Sep-2021,416.8,419.28,385.38,399.06,2194763765,67097343215
12-Sep-2021,405.4,421.21,398.03,416.68,1671909230,70059881720
11-Sep-2021,401.26,415.36,400.3,405.53,1567255682,68184168765
10-Sep-2021,421.27,438.92,394.06,401.62,2306735739,67527500370
9-Sep-2021,405.58,435.72,404.52,421.27,2392139922,70831094067
8-Sep-2021,417.92,425.49,384.23,415.11,2940929033,69795896084
7-Sep-2021,496.04,504.6,372.3,417.51,4471687569,70198688492
6-Sep-2021,504.7,508.82,488.68,495.93,2206397359,83383364628
5-Sep-2021,497.7,505.12,489.47,504.62,1899639214,84845287774
4-Sep-2021,488.41,510.06,485.86,498.08,2310249697,83745429070
3-Sep-2021,483.76,494.4,475.23,488.6,2051522050,82152548426
2-Sep-2021,489.86,504.54,480.04,483.92,2324361979,81365050658
1-Sep-2021,464.27,490.07,455.76,490.07,2303587593,82398701801
31-Aug-2021,460.62,477.28,452.49,464.42,2378049328,78085988883
30-Aug-2021,480.29,481.13,458.15,459.49,2007036766,77257414151
29-Aug-2021,486.21,495.68,477.2,480.28,1763538464,80753365780
28-Aug-2021,494.67,496.89,483.32,486.2,1676741698,81747712352
27-Aug-2021,478.63,495.01,467.9,494.5,2563319587,83143541973
26-Aug-2021,503.55,518.76,472.03,479.01,3277913533,80538665906
25-Aug-2021,472.2,506.3,470.64,502.79,3289398273,84536988740
24-Aug-2021,500.22,504.1,461.76,471.6,2978438301,79292664751
23-Aug-2021,449.11,509.34,447.67,499.89,3857489743,84050123967
22-Aug-2021,449.23,458.4,439.17,449.05,1826865701,75502522647
21-Aug-2021,455.13,460.26,444.98,448.92,2120660728,75480119803
20-Aug-2021,430.98,457.6,422.08,454.94,2451578694,76491644162
19-Aug-2021,396.49,431.26,391.5,430.99,2549215331,72465188472
18-Aug-2021,401.88,412.31,387.82,398.25,2288117050,66960819021
17-Aug-2021,416.07,435.72,399.75,401.91,2572609791,67575770398
16-Aug-2021,414.36,436.62,411.12,417.47,2620571467,70192312506
15-Aug-2021,408.98,414.93,396.87,414.6,1826134192,69708780301
14-Aug-2021,410.78,418.92,400.75,409.03,2023364348,68773848342
13-Aug-2021,386.04,411.17,383.22,410.94,1724229835,69095056333
12-Aug-2021,391.41,406.09,372.22,385.82,2217067872,64870459488
11-Aug-2021,372.09,408.59,371.22,391.76,2542670896,65868866790
10-Aug-2021,354.45,375.72,349.31,371.95,2150475826,62539308798
9-Aug-2021,341.92,357.4,333.67,354.97,1648422571,59683071428
8-Aug-2021,356.27,359.74,337.25,342.06,1547133821,57513752130
7-Aug-2021,342.38,359.75,340.59,355.74,1903003766,59813296939
6-Aug-2021,337.95,347.04,331.66,342.14,1623970506,57525898862
5-Aug-2021,334.91,340.05,323.9,337.87,1551187442,56809110535
4-Aug-2021,323.51,336.97,320.04,334.92,1279262186,56312250831
3-Aug-2021,330.87,334.63,318.06,322.75,1365471563,54265847925
2-Aug-2021,332.92,338.04,326.42,331.1,1348495243,55670696490
1-Aug-2021,332.29,347.42,329.34,333.48,1788390755,56071010565
31-Jul-2021,322.54,338.03,317.69,333.55,1717984015,56082037720
30-Jul-2021,317.06,325.25,307.01,322.91,1588918308,54293025182
29-Jul-2021,313.62,319.76,309.14,316.75,1384576144,53257314437
28-Jul-2021,314.06,318.44,308.22,313.43,1626648048,52698963344
27-Jul-2021,304.12,318.37,298.48,313.6,1870220991,52728212361
26-Jul-2021,302.73,327.64,301.1,304.48,2572081528,51194069379
25-Jul-2021,301.85,304.06,292.89,302.44,1351522797,50850719806
24-Jul-2021,299.05,307.84,296.11,302.07,1644709273,50789466927
23-Jul-2021,293.6,300.99,281.7,299.28,1849700307,50320554475
22-Jul-2021,293.14,298.4,287.73,293.64,1495118544,49371952334
21-Jul-2021,264.49,298.79,261.23,292.53,1957623339,49185357931
20-Jul-2021,280.56,283.21,255.85,264.78,1819454491,44519723680
19-Jul-2021,302.27,303.83,279.71,280.02,1514754521,47081500516
18-Jul-2021,300.6,309.11,299.97,302.48,1254819647,51250407822
17-Jul-2021,302.93,306.53,295.39,300.5,1298507379,46106267206
16-Jul-2021,315.69,323,301.93,302.99,1688212208,46487957302
15-Jul-2021,309.5,323.89,301.66,315.24,2242114046,48368804767
14-Jul-2021,308.95,313.22,290.66,309.41,1646743038,47473117237
13-Jul-2021,316.27,318.3,305.49,308.81,1231759805,47381788203
12-Jul-2021,322.03,334.28,309.14,316.33,1614469810,48535151627
11-Jul-2021,316.06,326.75,312.64,322.03,1189805384,49410249319
10-Jul-2021,317,320.94,310.89,316.14,1179686219,48506295821
9-Jul-2021,310.01,319.44,301.83,316.48,1358583891,48559137600
8-Jul-2021,327.96,327.96,305.08,310.43,1883785090,47629732460
7-Jul-2021,320.19,339.17,318.53,327.52,2067233169,50252717805
6-Jul-2021,302.2,321.52,302.2,320.93,2203265498,49241956385
5-Jul-2021,307.68,307.68,293.52,302.38,1504869977,46394729480
4-Jul-2021,298.11,314.71,292.79,307.73,1387395766,47216226924
3-Jul-2021,287.22,302.61,283.43,298.24,1113777297,45759384867
2-Jul-2021,287.75,290.62,277.35,287.42,1133632645,44100157948
1-Jul-2021,303.53,303.53,281.58,288.22,1357794786,44222184819
30-Jun-2021,300.96,304.8,281.78,303.3,1903538448,46535565043
29-Jun-2021,289.92,315.44,289.22,300.21,1946428384,46062327532
28-Jun-2021,290.82,298.72,283.95,289.53,1722578691,44424058538
27-Jun-2021,279.87,291.15,270.29,290.57,1521388056,44582539628
26-Jun-2021,281.13,289.95,264.6,279.44,1921847994,42874988514
25-Jun-2021,308.58,313.98,275.84,281.62,2317971593,43209910988
24-Jun-2021,296.26,316.19,281.98,308.4,2323626593,47318252297
23-Jun-2021,262.06,309.13,252.2,294.49,3170293549,45184499011
22-Jun-2021,270.79,291.02,226.3,261.82,4089344405,40171507065
21-Jun-2021,339.33,341.8,269.43,270.98,2911962314,41577927585
20-Jun-2021,334.65,340.79,310.78,340.07,1756674565,52177493482
19-Jun-2021,337.55,345.46,332.1,335.71,1140833816,51509394171
18-Jun-2021,353.01,357.07,328.05,336.81,1613940591,51677686349
17-Jun-2021,347.21,362.26,346.04,352.74,1379161855,54121692902
16-Jun-2021,366.82,366.82,343.65,347.03,1626149384,53246345449
15-Jun-2021,372.74,379.66,363.94,373.57,2246535807,57317337202
14-Jun-2021,365.75,377.02,355.31,368.79,2271215183,56584941354
13-Jun-2021,344.04,369.06,331.11,366.65,2171880359,56256011121
12-Jun-2021,345.9,348.88,325.82,343.74,2146761411,52741180523
11-Jun-2021,352.08,365.3,341.48,345.93,2269923678,53077605761
10-Jun-2021,375.67,376.95,345.52,352.18,2505012942,54036486743
9-Jun-2021,352.77,378.74,334.42,375.73,3543408536,57650059188
8-Jun-2021,358.17,365.92,320.24,354,4491122307,54315456382
7-Jun-2021,393.65,407.38,355.98,357.31,2927240962,54823141744
6-Jun-2021,390.24,400.04,382.34,393.82,2101917655,60424976236
5-Jun-2021,390.96,425.9,375.07,390.43,3956143113,59905089190
4-Jun-2021,428.19,428.44,366.27,391.4,4951450795,60052916384
3-Jun-2021,401.76,432.31,392.03,427.81,4370188399,65639810000
2-Jun-2021,362.36,418.67,350.96,401.26,4486850584,61566839406
1-Jun-2021,353.78,364.32,340.47,362.79,3425775257,55664633494
31-May-2021,325.81,355.98,307.94,354.33,3865691845,54365777869
30-May-2021,305.04,337.74,292.85,325.78,3246314973,49985988837
29-May-2021,328.99,346.92,296.57,305.05,3070017878,46805037636
28-May-2021,369.84,373.31,313.72,329.88,4482824807,50614430478
27-May-2021,379.69,387.49,340.89,367.66,3965850350,56410493527
26-May-2021,343.53,387.77,337.06,379.85,4502557689,58282146665
25-May-2021,345.49,374.6,307.73,344.11,5656677341,52798403677
24-May-2021,261.12,350.27,258.62,345.31,6066277282,52981857815
23-May-2021,300.04,313.53,213.52,262.95,5336233746,40344516407
22-May-2021,326.8,335.73,285.35,299.5,3871242832,45953780782
21-May-2021,391.54,415.71,275.39,326.3,6291181865,50064589685
20-May-2021,335.56,424.29,286.09,393.61,7093839295,60393147664
19-May-2021,508.86,515.72,283.45,339.03,8779943654,52017662499
18-May-2021,511.39,534.18,496.98,508.02,3548216902,77947333995
17-May-2021,564.45,564.45,486,511.96,5123430659,78552180732
16-May-2021,562.65,606,535.06,562.83,4047395255,86356615319
15-May-2021,602.55,610.51,561.17,563.04,3480395174,86389113997
14-May-2021,570.96,614.49,567.03,603.13,3735474448,92539717936
13-May-2021,592.95,632.97,530.24,571.43,7417114170,87676856077
12-May-2021,671.78,684.14,588.19,588.19,4311561442,90246958221
11-May-2021,631.24,672.46,623.25,672.33,4865455319,1.03158E+11
10-May-2021,661.45,690.93,596.17,631.35,5157435389,96870167482
9-May-2021,646.31,678.23,631.47,662.23,4321052943,1.01608E+11
8-May-2021,624.39,657.54,618.84,646.1,3910931715,99133120518
7-May-2021,634.01,644.12,612.16,624.56,3658116306,95828556591
6-May-2021,651.05,653.41,621.07,633.28,3975000211,97166045768
5-May-2021,609.33,656.24,605.17,651.66,4248449283,99986497074
4-May-2021,676.32,676.92,606.27,611.2,5728175230,93778232799
3-May-2021,621.9,679.82,621.9,675.68,5274868721,1.03672E+11
2-May-2021,619.97,628.62,595.86,622.1,3765184551,95450760764
1-May-2021,622.47,641.86,611.3,619.35,4065705136,95028239640
30-Apr-2021,599.99,627.78,586.21,624.08,5741358048,95754488402
29-Apr-2021,562.87,614.82,554.28,599.71,6585918998,92014712105
28-Apr-2021,568.75,578.89,539.07,562.63,3648784689,86326344910
27-Apr-2021,535.43,578.62,525.77,568.47,4050720272,87222083030
26-Apr-2021,504.75,549.97,502.31,534.58,4072866875,82021803835
25-Apr-2021,496.26,517.08,478.89,505.08,3419309603,77495435715
24-Apr-2021,526.76,527.44,483.96,496.42,4070234640,76166401717
23-Apr-2021,505.86,530.07,452.44,526.57,8893557870,80792431547
22-Apr-2021,544.01,582.04,481.26,506.01,8342960849,77639041510
21-Apr-2021,586.9,612.69,537.35,546.02,8456300946,83777978676
20-Apr-2021,503.8,588.06,475.59,587.03,9330924061,90069573288
19-Apr-2021,481.4,539.71,469.15,505.09,7141301320,77497870497
18-Apr-2021,520.59,526.06,429.05,481.03,6711806048,73806479141
17-Apr-2021,509.58,548.6,509.05,520.42,5195399091,79849049194
16-Apr-2021,542.57,548.89,493.01,510.22,6886285728,78284562613
15-Apr-2021,550.41,556.83,536.08,542.63,4608061831,83854448856
14-Apr-2021,550.4,590.42,526.53,549.59,7452346448,84929962001
13-Apr-2021,596.99,602.3,532.96,549.59,9433830832,84929138157
12-Apr-2021,526.7,637.44,516.28,598.72,14436315725,92522278160
11-Apr-2021,471.65,529.65,459.59,525.39,5697422904,81189295175
10-Apr-2021,454.34,487.28,451.36,472.56,6160670397,73026065780
9-Apr-2021,418.05,453.7,405.44,453.18,4701175013,70030932980
8-Apr-2021,376.27,422.47,372.52,418.04,4550316562,64600635460
7-Apr-2021,403.7,414.36,358.74,374.66,5976362849,57897068143
6-Apr-2021,368.1,412.26,364.13,403.59,5277448222,62368004529
5-Apr-2021,351.24,381.03,339.46,367.77,4073047973,56832907205
4-Apr-2021,323.35,353.43,319.85,351.62,3200674446,54337497318
3-Apr-2021,338.91,349.63,319.19,323.13,2953164849,49934722802
2-Apr-2021,335.09,356.78,329.75,339.01,3950524039,52387808184
1-Apr-2021,302.25,339.21,301.59,335.21,3718677616,51801379680
31-Mar-2021,311.55,316.49,289.01,302.06,3545493416,46678707631
30-Mar-2021,275.24,311.43,271.58,311.43,4039620710,48125603373
29-Mar-2021,268.97,277.48,265.37,275.21,2067448661,42529681607
28-Mar-2021,269.31,280.99,262.29,269.19,2527142069,41598879256
27-Mar-2021,255.12,275.59,250.49,269.1,2457659540,41585130057
26-Mar-2021,234.79,255.1,234.79,255.1,2099285452,39422018823
25-Mar-2021,249.47,250.14,227.29,234.89,2314734091,36297499650
24-Mar-2021,255.89,268.62,243.23,249.85,2385752951,38610229807
23-Mar-2021,255.95,263.15,253.01,255.69,2010488139,39512436988
22-Mar-2021,265.07,276.97,255.21,255.9,2323911466,39544969150
21-Mar-2021,264.96,268.88,257.52,264.89,1718563711,40933596276
20-Mar-2021,264.09,274.87,262.97,264.74,2004752539,40911268601
19-Mar-2021,261.63,269.23,256.27,264.06,1873443830,40805530274
18-Mar-2021,269.64,277.77,258.73,261.7,2445995134,40441972615
17-Mar-2021,258.39,270.96,249.93,269.85,2271426252,41701420904
16-Mar-2021,254.45,258.88,242.18,258.1,2425543830,39885015333
15-Mar-2021,264.06,267.23,250.61,254.66,2488528410,39353447071
14-Mar-2021,276.19,276.37,264.64,264.64,2044273970,40895052332
13-Mar-2021,263.59,283.01,256.19,276.1,2903774859,42667226946
12-Mar-2021,290,290.03,253.95,263.69,3960814749,40748105862
11-Mar-2021,278.51,313.11,273.38,289.79,4676132222,44782177641
10-Mar-2021,293.42,295.07,268.58,279.36,4544623650,43169973367
9-Mar-2021,240.4,296.66,236.05,293.46,8676266998,45349688818
8-Mar-2021,240.18,242.69,229.44,240.32,5016770824,37137112622
7-Mar-2021,226.67,243.34,225.55,240.18,5081569247,37115563235
6-Mar-2021,226.2,232.1,220.08,226.67,4489684331,35027459802
5-Mar-2021,229.84,230.37,216.27,226.37,4969642573,34981982954
4-Mar-2021,241.05,249.47,226.08,229.95,5580339595,35534051133
3-Mar-2021,239.69,254.25,236.91,241.09,5827707431,37256520784
2-Mar-2021,254.95,264.17,228.64,239.52,5882262804,37014085021
1-Mar-2021,209.95,259.49,209.95,254.63,5008256561,39348672761
28-Feb-2021,225.45,228.17,195.85,209.57,3129699003,32386116331
27-Feb-2021,221.98,237.18,220.1,225.25,2755271254,34808423808
26-Feb-2021,235.27,238.76,210.31,221.68,4167145958,34256894118
25-Feb-2021,254.47,264.71,233.89,233.89,4059853073,36143048172
24-Feb-2021,231.12,280.09,214.52,254.36,7154121651,39306825006
23-Feb-2021,267.36,268.54,190.41,230.99,8280752930,35696185048
22-Feb-2021,294.61,295.48,223.02,267.51,7885768925,41339035406
21-Feb-2021,254.54,307.59,250.54,293.92,8505963719,45420831168
20-Feb-2021,332.92,334.46,227.91,255.95,9680520706,39553242902
19-Feb-2021,195.99,342.88,195.39,332.62,17982945189,51400081848
18-Feb-2021,165.02,199.46,163.27,195.93,6110987389,30278016489
17-Feb-2021,130.08,175.12,127.09,164.67,5236224271,25446929134
16-Feb-2021,129.74,133.28,126.8,130.06,1925775294,20098017962
15-Feb-2021,136.28,139.22,119.73,129.57,2414986848,20022485368
14-Feb-2021,133.47,138.76,128.73,136.43,2312597445,21082369583
13-Feb-2021,136.93,138.47,125.73,133.45,2116751635,20622814703
12-Feb-2021,124.16,140.24,121.73,136.95,2981627650,21163016404
11-Feb-2021,129.31,131.54,119.1,124.43,2809765027,19229172295
10-Feb-2021,107.71,148.07,107.71,129.74,7000323240,20048643233
9-Feb-2021,79.81,115.13,78.45,107.9,4425849540,16673976092
8-Feb-2021,68.53,79.83,67.86,79.83,2133574291,12336590447
7-Feb-2021,72.87,74.61,64.5,68.59,1493688265,10599484196
6-Feb-2021,67.85,75.4,62.21,72.73,2114553792,11239725838
5-Feb-2021,56.01,68.46,56.01,67.85,1431595319,10484364380
4-Feb-2021,52.24,57.07,51.6,55.93,940905214,8642265397
3-Feb-2021,51.05,52.68,49.96,52.24,714000888,8073200035
2-Feb-2021,51.55,52.91,49.39,51.06,1006694242,7889888370
1-Feb-2021,44.31,52.14,43.52,51.61,1256933735,7975081034
31-Jan-2021,44.8,45.71,43.43,44.28,512545443,6842092373
30-Jan-2021,42.85,44.99,42.68,44.77,533768579,6918784867
29-Jan-2021,42.39,44.01,41.91,42.85,651771603,6622092912
28-Jan-2021,40.99,43.08,40.51,42.53,533847527,6572141169
27-Jan-2021,41.76,42.05,39.73,40.99,519618043,6335052741
26-Jan-2021,41.66,42.48,40.01,41.69,546536514,6443203629
25-Jan-2021,41.88,43.35,40.63,41.62,507172505,6432226784
24-Jan-2021,40.86,42.19,40.5,41.88,450486066,6472081160
23-Jan-2021,40.87,41.85,39.59,40.82,468609053,6307329734
22-Jan-2021,38.64,41.41,36.95,40.86,561072899,6313834019
21-Jan-2021,42.61,42.64,38.45,38.65,621983627,5972049400
20-Jan-2021,42.66,42.75,40.31,42.61,684094133,6584162604
19-Jan-2021,45.34,47.1,41.94,42.79,750638729,6622630370
18-Jan-2021,45.77,46.8,44.16,45.35,586905636,6458589310
17-Jan-2021,43.16,46.65,41.09,45.68,664875513,6505788375
16-Jan-2021,40.92,43.92,40.73,43.17,604218252,6147951452
15-Jan-2021,41.79,42.41,39.1,40.92,562019413,5827131331
14-Jan-2021,40.12,41.87,39.66,41.79,534108764,5951694799
13-Jan-2021,38.11,40.4,37.14,40.14,542384725,5715620009
12-Jan-2021,38.28,39.93,37.19,38.11,567249584,5427343148
11-Jan-2021,42.47,42.48,35.17,38.37,890728694,5541076413
10-Jan-2021,43.94,45.16,40.59,42.45,701488832,6129838356
9-Jan-2021,42.37,44.12,41.59,43.93,590039660,6344192423
8-Jan-2021,43.57,43.59,40.53,42.4,650561500,6122161936
7-Jan-2021,42.2,44.47,41.5,43.45,829964770,6274391512
6-Jan-2021,41.78,42.19,40.59,42.17,641021601,6089040529
5-Jan-2021,40.94,41.73,38.98,41.73,644270927,6026750037
4-Jan-2021,41.2,43.13,38.14,40.93,807877171,5910034134
3-Jan-2021,38.25,41.61,37.82,41.15,758008613,5942182741
2-Jan-2021,37.92,38.84,36.93,38.24,521965394,5522336922
1-Jan-2021,37.37,38.93,37.05,37.91,459165743,5473732252
31-Dec-2020,38.12,38.16,36.74,37.38,404140896,5397344408
30-Dec-2020,38.95,39.16,36.9,38.14,501223201,5507131905
29-Dec-2020,35.85,39.48,35.34,38.95,938849532,5625044698
28-Dec-2020,33.53,35.98,33.4,35.84,611476292,5176189132
27-Dec-2020,33.48,34.85,32.09,33.51,567285548,4839330614
26-Dec-2020,33.17,33.95,32.6,33.48,434464851,4834318541
25-Dec-2020,32.49,33.44,31.86,33.16,421026462,4789239871
24-Dec-2020,31.11,32.71,30.46,32.5,488263504,4693298909
23-Dec-2020,33.48,34.38,30.07,31.1,582613805,4490740605
22-Dec-2020,32.2,33.76,30.59,33.48,563925549,4835157313
21-Dec-2020,34.2,35.56,31.64,32.27,583000547,4659931518
20-Dec-2020,33.29,35.54,32.67,34.16,583559932,4932970916
19-Dec-2020,30.94,34.17,30.94,33.3,534843839,4808212174
18-Dec-2020,30.18,31.18,29.7,30.94,359055461,4467702132
17-Dec-2020,30.49,31.45,29.83,30.18,479985920,4358786912
16-Dec-2020,29.55,30.6,29.06,30.49,347039607,4402984095
15-Dec-2020,30.03,30.3,29.38,29.55,294288115,4266821620
14-Dec-2020,29.11,30.17,28.69,30.03,335453986,4336468154
13-Dec-2020,28.17,29.25,28.06,29.1,265728020,4202475239
12-Dec-2020,27.36,28.24,27.33,28.16,238973887,4067131459
